dependency_id,lesson_id,lesson_no,lesson_title_fr,prerequisite_lesson_id,prerequisite_lesson_no,prerequisite_title_fr,relation_type,strength_1_5,evidence_type,status,note_fa,reviewed_by,reviewed_at
53ca4438-c9e3-4e8c-b4e7-b1bf5bae29a5,734f4892-3926-439e-b274-85e9d824e225,2,L’ADJECTIF (1),eb643021-d5f2-4093-8fd2-835a2199ef3f,1,LE VERBE « ÊTRE »,prerequisite,3,project_inference_from_book_structure_and_rule_content,owner_approved_project_inference,این رابطه برای ساخت نقشه دانشی از توالی و محتوای خود کتاب استنباط شده و ادعای صریح کتاب محسوب نمی‌شود.,Iman,2026-08-08T15:35:00-07:00
78dda73b-7a52-4b8b-b183-6cbec30881f1,3dd22b4a-1072-4ca6-91c1-662829b94758,3,LA NÉGATION et L’INTERROGATION (1),eb643021-d5f2-4093-8fd2-835a2199ef3f,1,LE VERBE « ÊTRE »,prerequisite,3,project_inference_from_book_structure_and_rule_content,owner_approved_project_inference,این رابطه برای ساخت نقشه دانشی از توالی و محتوای خود کتاب استنباط شده و ادعای صریح کتاب محسوب نمی‌شود.,Iman,2026-08-08T15:35:00-07:00
84591097-6a37-4912-ade8-8c52ca7d03ef,99f46643-99ba-428d-bdaf-193d018572cc,5,« C’EST » et « IL EST »,eb643021-d5f2-4093-8fd2-835a2199ef3f,1,LE VERBE « ÊTRE »,prerequisite,2,project_inference_from_book_structure_and_rule_content,owner_approved_project_inference,این رابطه برای ساخت نقشه دانشی از توالی و محتوای خود کتاب استنباط شده و ادعای صریح کتاب محسوب نمی‌شود.,Iman,2026-08-08T15:35:00-07:00
b62fdc2f-ae39-4759-a9c9-0a449dbcd022,99f46643-99ba-428d-bdaf-193d018572cc,5,« C’EST » et « IL EST »,734f4892-3926-439e-b274-85e9d824e225,2,L’ADJECTIF (1),prerequisite,2,project_inference_from_book_structure_and_rule_content,owner_approved_project_inference,این رابطه برای ساخت نقشه دانشی از توالی و محتوای خود کتاب استنباط شده و ادعای صریح کتاب محسوب نمی‌شود.,Iman,2026-08-08T15:35:00-07:00
668d8f34-3f2c-4004-995f-269a994c8a91,99f46643-99ba-428d-bdaf-193d018572cc,5,« C’EST » et « IL EST »,26acbe21-6e4d-4c22-a0e6-27e27f3bb5ab,4,LE NOM et L’ARTICLE,prerequisite,3,project_inference_from_book_structure_and_rule_content,owner_approved_project_inference,این رابطه برای ساخت نقشه دانشی از توالی و محتوای خود کتاب استنباط شده و ادعای صریح کتاب محسوب نمی‌شود.,Iman,2026-08-08T15:35:00-07:00
ef975526-36d3-437d-bafe-cb53e49ee97c,f07ba2d4-e9cf-441c-ad53-85194d85e1ff,6,LES POSSESSIFS,26acbe21-6e4d-4c22-a0e6-27e27f3bb5ab,4,LE NOM et L’ARTICLE,prerequisite,3,project_inference_from_book_structure_and_rule_content,owner_approved_project_inference,این رابطه برای ساخت نقشه دانشی از توالی و محتوای خود کتاب استنباط شده و ادعای صریح کتاب محسوب نمی‌شود.,Iman,2026-08-08T15:35:00-07:00
eab690e4-f4ea-4282-b950-96ac98926df6,d68e9726-6d53-4ffb-935c-fd8f24aae9ec,8,LES DÉMONSTRATIFS,26acbe21-6e4d-4c22-a0e6-27e27f3bb5ab,4,LE NOM et L’ARTICLE,prerequisite,3,project_inference_from_book_structure_and_rule_content,owner_approved_project_inference,این رابطه برای ساخت نقشه دانشی از توالی و محتوای خود کتاب استنباط شده و ادعای صریح کتاب محسوب نمی‌شود.,Iman,2026-08-08T15:35:00-07:00
5a315662-a87f-422e-8e26-4604c4aff230,3a93c97f-cdce-4896-98be-892e3354b7fc,9,« IL Y A » et « C’EST »,99f46643-99ba-428d-bdaf-193d018572cc,5,« C’EST » et « IL EST »,prerequisite,3,project_inference_from_book_structure_and_rule_content,owner_approved_project_inference,این رابطه برای ساخت نقشه دانشی از توالی و محتوای خود کتاب استنباط شده و ادعای صریح کتاب محسوب نمی‌شود.,Iman,2026-08-08T15:35:00-07:00
daa38e58-785c-4b87-80e3-17b3823ff3a0,988143e8-7e0e-46e1-94a0-f87f7a1267f5,10,LA SITUATION dans l’ESPACE (1),26acbe21-6e4d-4c22-a0e6-27e27f3bb5ab,4,LE NOM et L’ARTICLE,prerequisite,3,project_inference_from_book_structure_and_rule_content,owner_approved_project_inference,این رابطه برای ساخت نقشه دانشی از توالی و محتوای خود کتاب استنباط شده و ادعای صریح کتاب محسوب نمی‌شود.,Iman,2026-08-08T15:35:00-07:00
2cfeaf1d-5a36-4e3b-88cc-5147562d3fef,a02fe5a3-8336-4749-8b93-f43d0a82948a,11,LE VERBE « AVOIR »,eb643021-d5f2-4093-8fd2-835a2199ef3f,1,LE VERBE « ÊTRE »,prerequisite,3,project_inference_from_book_structure_and_rule_content,owner_approved_project_inference,این رابطه برای ساخت نقشه دانشی از توالی و محتوای خود کتاب استنباط شده و ادعای صریح کتاب محسوب نمی‌شود.,Iman,2026-08-08T15:35:00-07:00
727038d7-e81c-40ef-9fec-3d28110cf97c,ec78c6b7-50f2-4fcf-8ecd-63c1a84e5e41,12,L’ADJECTIF (2),734f4892-3926-439e-b274-85e9d824e225,2,L’ADJECTIF (1),prerequisite,3,project_inference_from_book_structure_and_rule_content,owner_approved_project_inference,این رابطه برای ساخت نقشه دانشی از توالی و محتوای خود کتاب استنباط شده و ادعای صریح کتاب محسوب نمی‌شود.,Iman,2026-08-08T15:35:00-07:00
9142674a-3661-4550-82d3-8e4b183cff12,8b0727a3-b94e-4d9d-bb86-9a0045b8685a,14,LE TEMPS (1),99f4cbed-373c-4bf4-affd-8eda53373a56,13,LES NOMBRES,prerequisite,3,project_inference_from_book_structure_and_rule_content,owner_approved_project_inference,این رابطه برای ساخت نقشه دانشی از توالی و محتوای خود کتاب استنباط شده و ادعای صریح کتاب محسوب نمی‌شود.,Iman,2026-08-08T15:35:00-07:00
46ec81ce-278c-45e9-8d2a-0ec94c985227,b182d62b-44dc-4893-b88c-75ef935c0111,15,LES INDÉFINIS,26acbe21-6e4d-4c22-a0e6-27e27f3bb5ab,4,LE NOM et L’ARTICLE,prerequisite,3,project_inference_from_book_structure_and_rule_content,owner_approved_project_inference,این رابطه برای ساخت نقشه دانشی از توالی و محتوای خود کتاب استنباط شده و ادعای صریح کتاب محسوب نمی‌شود.,Iman,2026-08-08T15:35:00-07:00
04fa2f23-c730-418c-816a-3b7e2613457a,619fe3c8-586f-4038-8ea0-e5ad5085412d,16,LES VERBES en « -ER » au PRÉSENT,eb643021-d5f2-4093-8fd2-835a2199ef3f,1,LE VERBE « ÊTRE »,prerequisite,3,project_inference_from_book_structure_and_rule_content,owner_approved_project_inference,این رابطه برای ساخت نقشه دانشی از توالی و محتوای خود کتاب استنباط شده و ادعای صریح کتاب محسوب نمی‌شود.,Iman,2026-08-08T15:35:00-07:00
bcd04ca3-2e19-4f85-a2e0-e84aebfec3ed,e3b8941a-3506-4903-b9f5-ede88a288def,17,LE TEMPS (2),8b0727a3-b94e-4d9d-bb86-9a0045b8685a,14,LE TEMPS (1),prerequisite,3,project_inference_from_book_structure_and_rule_content,owner_approved_project_inference,این رابطه برای ساخت نقشه دانشی از توالی و محتوای خود کتاب استنباط شده و ادعای صریح کتاب محسوب نمی‌شود.,Iman,2026-08-08T15:35:00-07:00
a81fa5c3-6a40-444d-b43d-d3276a4f77b0,ec290ee6-f705-4b74-98db-7e4079c54d60,18,L’ADVERBE,734f4892-3926-439e-b274-85e9d824e225,2,L’ADJECTIF (1),prerequisite,3,project_inference_from_book_structure_and_rule_content,owner_approved_project_inference,این رابطه برای ساخت نقشه دانشی از توالی و محتوای خود کتاب استنباط شده و ادعای صریح کتاب محسوب نمی‌شود.,Iman,2026-08-08T15:35:00-07:00
d2d1bedc-c422-4655-a4eb-bacb866ed365,ec290ee6-f705-4b74-98db-7e4079c54d60,18,L’ADVERBE,619fe3c8-586f-4038-8ea0-e5ad5085412d,16,LES VERBES en « -ER » au PRÉSENT,prerequisite,3,project_inference_from_book_structure_and_rule_content,owner_approved_project_inference,این رابطه برای ساخت نقشه دانشی از توالی و محتوای خود کتاب استنباط شده و ادعای صریح کتاب محسوب نمی‌شود.,Iman,2026-08-08T15:35:00-07:00
d11a7f01-ac48-47ca-8d78-1c08bb81b7ec,cb9bdbbf-0955-46a6-b979-69203ff4d988,19,L’EXPRESSION de la QUANTITÉ,26acbe21-6e4d-4c22-a0e6-27e27f3bb5ab,4,LE NOM et L’ARTICLE,prerequisite,3,project_inference_from_book_structure_and_rule_content,owner_approved_project_inference,این رابطه برای ساخت نقشه دانشی از توالی و محتوای خود کتاب استنباط شده و ادعای صریح کتاب محسوب نمی‌شود.,Iman,2026-08-08T15:35:00-07:00
52245dbf-792d-419e-8d15-413ab7729a0e,dd8aa1ed-067c-4e17-a9db-10d3b630688a,20,LE PRONOM « EN »,cb9bdbbf-0955-46a6-b979-69203ff4d988,19,L’EXPRESSION de la QUANTITÉ,prerequisite,3,project_inference_from_book_structure_and_rule_content,owner_approved_project_inference,این رابطه برای ساخت نقشه دانشی از توالی و محتوای خود کتاب استنباط شده و ادعای صریح کتاب محسوب نمی‌شود.,Iman,2026-08-08T15:35:00-07:00
ba6a555a-4c08-47bb-b16a-677d18495042,a7d4b7ab-babf-44fd-8d1b-09d273f60704,21,LA SITUATION dans l’ESPACE (2),988143e8-7e0e-46e1-94a0-f87f7a1267f5,10,LA SITUATION dans l’ESPACE (1),prerequisite,3,project_inference_from_book_structure_and_rule_content,owner_approved_project_inference,این رابطه برای ساخت نقشه دانشی از توالی و محتوای خود کتاب استنباط شده و ادعای صریح کتاب محسوب نمی‌شود.,Iman,2026-08-08T15:35:00-07:00
92dc4d64-b0d3-44a8-b8af-d95377ed4384,526ffab9-fc9b-4221-997e-e57dfbf9694a,22,LE COMPARATIF et LE SUPERLATIF,734f4892-3926-439e-b274-85e9d824e225,2,L’ADJECTIF (1),prerequisite,3,project_inference_from_book_structure_and_rule_content,owner_approved_project_inference,این رابطه برای ساخت نقشه دانشی از توالی و محتوای خود کتاب استنباط شده و ادعای صریح کتاب محسوب نمی‌شود.,Iman,2026-08-08T15:35:00-07:00
23b611ad-ad13-4cab-a7b1-7358585a0911,526ffab9-fc9b-4221-997e-e57dfbf9694a,22,LE COMPARATIF et LE SUPERLATIF,ec290ee6-f705-4b74-98db-7e4079c54d60,18,L’ADVERBE,prerequisite,2,project_inference_from_book_structure_and_rule_content,owner_approved_project_inference,این رابطه برای ساخت نقشه دانشی از توالی و محتوای خود کتاب استنباط شده و ادعای صریح کتاب محسوب نمی‌شود.,Iman,2026-08-08T15:35:00-07:00
6c948233-fd82-4d5a-86db-5c052157eba6,526ffab9-fc9b-4221-997e-e57dfbf9694a,22,LE COMPARATIF et LE SUPERLATIF,cb9bdbbf-0955-46a6-b979-69203ff4d988,19,L’EXPRESSION de la QUANTITÉ,prerequisite,2,project_inference_from_book_structure_and_rule_content,owner_approved_project_inference,این رابطه برای ساخت نقشه دانشی از توالی و محتوای خود کتاب استنباط شده و ادعای صریح کتاب محسوب نمی‌شود.,Iman,2026-08-08T15:35:00-07:00
dcdc1c2e-42e9-417b-acdc-379472776e54,327c43bc-8757-4e51-aff0-9c04775c57cf,23,LE VERBE « ALLER »,988143e8-7e0e-46e1-94a0-f87f7a1267f5,10,LA SITUATION dans l’ESPACE (1),prerequisite,3,project_inference_from_book_structure_and_rule_content,owner_approved_project_inference,این رابطه برای ساخت نقشه دانشی از توالی و محتوای خود کتاب استنباط شده و ادعای صریح کتاب محسوب نمی‌شود.,Iman,2026-08-08T15:35:00-07:00
8a44c71c-27ac-450c-ad9e-9a78f6ed6e80,e3b468de-4bc2-4b96-b4dc-0bfa0c3d5a85,24,LE PRONOM « Y »,327c43bc-8757-4e51-aff0-9c04775c57cf,23,LE VERBE « ALLER »,prerequisite,3,project_inference_from_book_structure_and_rule_content,owner_approved_project_inference,این رابطه برای ساخت نقشه دانشی از توالی و محتوای خود کتاب استنباط شده و ادعای صریح کتاب محسوب نمی‌شود.,Iman,2026-08-08T15:35:00-07:00
78aa066c-8265-47d5-a582-8b5a270a6844,aece8fe7-c303-4257-a531-a3d6e0f242de,25,LA SITUATION dans l’ESPACE et le TEMPS (3),988143e8-7e0e-46e1-94a0-f87f7a1267f5,10,LA SITUATION dans l’ESPACE (1),prerequisite,3,project_inference_from_book_structure_and_rule_content,owner_approved_project_inference,این رابطه برای ساخت نقشه دانشی از توالی و محتوای خود کتاب استنباط شده و ادعای صریح کتاب محسوب نمی‌شود.,Iman,2026-08-08T15:35:00-07:00
c3296cd4-50ab-450b-823f-d04a23568f27,aece8fe7-c303-4257-a531-a3d6e0f242de,25,LA SITUATION dans l’ESPACE et le TEMPS (3),8b0727a3-b94e-4d9d-bb86-9a0045b8685a,14,LE TEMPS (1),prerequisite,3,project_inference_from_book_structure_and_rule_content,owner_approved_project_inference,این رابطه برای ساخت نقشه دانشی از توالی و محتوای خود کتاب استنباط شده و ادعای صریح کتاب محسوب نمی‌شود.,Iman,2026-08-08T15:35:00-07:00
b3ac9635-666d-4f95-a3db-2b86763f43b1,6ad0bf53-cab8-4037-8548-6e73441d1620,26,"LES VERBES en « -IR », « -OIR » et « -RE » au PRÉSENT",619fe3c8-586f-4038-8ea0-e5ad5085412d,16,LES VERBES en « -ER » au PRÉSENT,prerequisite,3,project_inference_from_book_structure_and_rule_content,owner_approved_project_inference,این رابطه برای ساخت نقشه دانشی از توالی و محتوای خود کتاب استنباط شده و ادعای صریح کتاب محسوب نمی‌شود.,Iman,2026-08-08T15:35:00-07:00
356944f2-7e1b-4506-b812-d169c88e9fbb,e5bfdde7-6889-4829-ad65-06a572af5f97,27,LES VERBES PRONOMINAUX,6ad0bf53-cab8-4037-8548-6e73441d1620,26,"LES VERBES en « -IR », « -OIR » et « -RE » au PRÉSENT",prerequisite,3,project_inference_from_book_structure_and_rule_content,owner_approved_project_inference,این رابطه برای ساخت نقشه دانشی از توالی و محتوای خود کتاب استنباط شده و ادعای صریح کتاب محسوب نمی‌شود.,Iman,2026-08-08T15:35:00-07:00
676e9d5b-ec31-4b46-8d55-32a369e2c1bf,2ad099b6-e9f4-4b96-8883-d88977fc94b4,28,LES PRONOMS COMPLÉMENTS,dd8aa1ed-067c-4e17-a9db-10d3b630688a,20,LE PRONOM « EN »,prerequisite,3,project_inference_from_book_structure_and_rule_content,owner_approved_project_inference,این رابطه برای ساخت نقشه دانشی از توالی و محتوای خود کتاب استنباط شده و ادعای صریح کتاب محسوب نمی‌شود.,Iman,2026-08-08T15:35:00-07:00
5e1e40e7-b030-47e9-bff4-65ff33232699,2ad099b6-e9f4-4b96-8883-d88977fc94b4,28,LES PRONOMS COMPLÉMENTS,e3b468de-4bc2-4b96-b4dc-0bfa0c3d5a85,24,LE PRONOM « Y »,prerequisite,3,project_inference_from_book_structure_and_rule_content,owner_approved_project_inference,این رابطه برای ساخت نقشه دانشی از توالی و محتوای خود کتاب استنباط شده و ادعای صریح کتاب محسوب نمی‌شود.,Iman,2026-08-08T15:35:00-07:00
c87a1bd7-c1de-494c-ac44-465f2caccd8e,2ad099b6-e9f4-4b96-8883-d88977fc94b4,28,LES PRONOMS COMPLÉMENTS,6ad0bf53-cab8-4037-8548-6e73441d1620,26,"LES VERBES en « -IR », « -OIR » et « -RE » au PRÉSENT",prerequisite,3,project_inference_from_book_structure_and_rule_content,owner_approved_project_inference,این رابطه برای ساخت نقشه دانشی از توالی و محتوای خود کتاب استنباط شده و ادعای صریح کتاب محسوب نمی‌شود.,Iman,2026-08-08T15:35:00-07:00
90ec5ab0-cf46-46e4-9cfe-188ed2beed8e,0259af3a-8df3-4f28-ad02-62a99368c409,29,LES PRONOMS TONIQUES,2ad099b6-e9f4-4b96-8883-d88977fc94b4,28,LES PRONOMS COMPLÉMENTS,prerequisite,3,project_inference_from_book_structure_and_rule_content,owner_approved_project_inference,این رابطه برای ساخت نقشه دانشی از توالی و محتوای خود کتاب استنباط شده و ادعای صریح کتاب محسوب نمی‌شود.,Iman,2026-08-08T15:35:00-07:00
afb117ea-090a-42c8-84f9-3484c2fadcfd,b24408b6-c9b4-4fbc-9b92-ad4d2ae13876,30,L’IMPÉRATIF,619fe3c8-586f-4038-8ea0-e5ad5085412d,16,LES VERBES en « -ER » au PRÉSENT,prerequisite,3,project_inference_from_book_structure_and_rule_content,owner_approved_project_inference,این رابطه برای ساخت نقشه دانشی از توالی و محتوای خود کتاب استنباط شده و ادعای صریح کتاب محسوب نمی‌شود.,Iman,2026-08-08T15:35:00-07:00
70b97e2f-d7dd-4341-8499-4da5866a9d1a,b24408b6-c9b4-4fbc-9b92-ad4d2ae13876,30,L’IMPÉRATIF,6ad0bf53-cab8-4037-8548-6e73441d1620,26,"LES VERBES en « -IR », « -OIR » et « -RE » au PRÉSENT",prerequisite,3,project_inference_from_book_structure_and_rule_content,owner_approved_project_inference,این رابطه برای ساخت نقشه دانشی از توالی و محتوای خود کتاب استنباط شده و ادعای صریح کتاب محسوب نمی‌شود.,Iman,2026-08-08T15:35:00-07:00
44dbb95d-8a05-4ba4-9ec5-7ef3dd8d23a2,b24408b6-c9b4-4fbc-9b92-ad4d2ae13876,30,L’IMPÉRATIF,2ad099b6-e9f4-4b96-8883-d88977fc94b4,28,LES PRONOMS COMPLÉMENTS,prerequisite,3,project_inference_from_book_structure_and_rule_content,owner_approved_project_inference,این رابطه برای ساخت نقشه دانشی از توالی و محتوای خود کتاب استنباط شده و ادعای صریح کتاب محسوب نمی‌شود.,Iman,2026-08-08T15:35:00-07:00
ebe0bda9-4c85-4bea-a0ef-f0b1b7b86a7a,83d883bf-5242-4dc2-bed6-dad1585746db,31,LE CONDITIONNEL (1),6ad0bf53-cab8-4037-8548-6e73441d1620,26,"LES VERBES en « -IR », « -OIR » et « -RE » au PRÉSENT",prerequisite,3,project_inference_from_book_structure_and_rule_content,owner_approved_project_inference,این رابطه برای ساخت نقشه دانشی از توالی و محتوای خود کتاب استنباط شده و ادعای صریح کتاب محسوب نمی‌شود.,Iman,2026-08-08T15:35:00-07:00
e04eb6dc-0897-4bde-b655-04a9e7c6e0d3,4ec05ffb-8465-4c5c-9a50-d67136ad0472,32,LES RELATIFS,2ad099b6-e9f4-4b96-8883-d88977fc94b4,28,LES PRONOMS COMPLÉMENTS,prerequisite,3,project_inference_from_book_structure_and_rule_content,owner_approved_project_inference,این رابطه برای ساخت نقشه دانشی از توالی و محتوای خود کتاب استنباط شده و ادعای صریح کتاب محسوب نمی‌شود.,Iman,2026-08-08T15:35:00-07:00
82c44aaf-b388-4b8c-a4a5-6f70a389a4d1,4ec05ffb-8465-4c5c-9a50-d67136ad0472,32,LES RELATIFS,0259af3a-8df3-4f28-ad02-62a99368c409,29,LES PRONOMS TONIQUES,prerequisite,2,project_inference_from_book_structure_and_rule_content,owner_approved_project_inference,این رابطه برای ساخت نقشه دانشی از توالی و محتوای خود کتاب استنباط شده و ادعای صریح کتاب محسوب نمی‌شود.,Iman,2026-08-08T15:35:00-07:00
e936f4f0-1648-442c-8e51-229c0e98f1cc,1854197b-634e-4db7-893c-7e9b6bcbf004,33,L’INTERROGATION (2),3dd22b4a-1072-4ca6-91c1-662829b94758,3,LA NÉGATION et L’INTERROGATION (1),prerequisite,3,project_inference_from_book_structure_and_rule_content,owner_approved_project_inference,این رابطه برای ساخت نقشه دانشی از توالی و محتوای خود کتاب استنباط شده و ادعای صریح کتاب محسوب نمی‌شود.,Iman,2026-08-08T15:35:00-07:00
fd3d717d-d096-4c0b-aabf-1c75785dbb9f,1854197b-634e-4db7-893c-7e9b6bcbf004,33,L’INTERROGATION (2),0259af3a-8df3-4f28-ad02-62a99368c409,29,LES PRONOMS TONIQUES,prerequisite,3,project_inference_from_book_structure_and_rule_content,owner_approved_project_inference,این رابطه برای ساخت نقشه دانشی از توالی و محتوای خود کتاب استنباط شده و ادعای صریح کتاب محسوب نمی‌شود.,Iman,2026-08-08T15:35:00-07:00
63cdd253-7c57-40b2-9f0a-02d97bae340b,7a8563ae-ac42-49d2-bddd-42140c4e5245,34,LA NÉGATION (2),3dd22b4a-1072-4ca6-91c1-662829b94758,3,LA NÉGATION et L’INTERROGATION (1),prerequisite,3,project_inference_from_book_structure_and_rule_content,owner_approved_project_inference,این رابطه برای ساخت نقشه دانشی از توالی و محتوای خود کتاب استنباط شده و ادعای صریح کتاب محسوب نمی‌شود.,Iman,2026-08-08T15:35:00-07:00
138eca90-b669-4ba7-aebe-7f8a5f7cfba8,7a8563ae-ac42-49d2-bddd-42140c4e5245,34,LA NÉGATION (2),b182d62b-44dc-4893-b88c-75ef935c0111,15,LES INDÉFINIS,prerequisite,2,project_inference_from_book_structure_and_rule_content,owner_approved_project_inference,این رابطه برای ساخت نقشه دانشی از توالی و محتوای خود کتاب استنباط شده و ادعای صریح کتاب محسوب نمی‌شود.,Iman,2026-08-08T15:35:00-07:00
4776f194-0776-40c7-997e-9de10568e5ea,83287154-f6ce-4595-a2b2-17537cb9908d,35,LE DISCOURS INDIRECT au PRÉSENT,1854197b-634e-4db7-893c-7e9b6bcbf004,33,L’INTERROGATION (2),prerequisite,3,project_inference_from_book_structure_and_rule_content,owner_approved_project_inference,این رابطه برای ساخت نقشه دانشی از توالی و محتوای خود کتاب استنباط شده و ادعای صریح کتاب محسوب نمی‌شود.,Iman,2026-08-08T15:35:00-07:00
6c74c280-6dfe-49b2-844b-1b19abdee4cf,03b37cc5-75e7-4209-9322-1f6401df4973,36,LE GÉRONDIF,619fe3c8-586f-4038-8ea0-e5ad5085412d,16,LES VERBES en « -ER » au PRÉSENT,prerequisite,3,project_inference_from_book_structure_and_rule_content,owner_approved_project_inference,این رابطه برای ساخت نقشه دانشی از توالی و محتوای خود کتاب استنباط شده و ادعای صریح کتاب محسوب نمی‌شود.,Iman,2026-08-08T15:35:00-07:00
a883e8f2-4923-40da-a82c-570fa8692f21,03b37cc5-75e7-4209-9322-1f6401df4973,36,LE GÉRONDIF,6ad0bf53-cab8-4037-8548-6e73441d1620,26,"LES VERBES en « -IR », « -OIR » et « -RE » au PRÉSENT",prerequisite,3,project_inference_from_book_structure_and_rule_content,owner_approved_project_inference,این رابطه برای ساخت نقشه دانشی از توالی و محتوای خود کتاب استنباط شده و ادعای صریح کتاب محسوب نمی‌شود.,Iman,2026-08-08T15:35:00-07:00
f96574c4-be6a-4676-876e-16e3c780fc6c,7a66cb3a-470c-4ae3-ae32-325cf327c9f9,37,LES PRÉPOSITIONS et LES VERBES,6ad0bf53-cab8-4037-8548-6e73441d1620,26,"LES VERBES en « -IR », « -OIR » et « -RE » au PRÉSENT",prerequisite,3,project_inference_from_book_structure_and_rule_content,owner_approved_project_inference,این رابطه برای ساخت نقشه دانشی از توالی و محتوای خود کتاب استنباط شده و ادعای صریح کتاب محسوب نمی‌شود.,Iman,2026-08-08T15:35:00-07:00
d404c977-f9e4-4a99-acb4-869329cef3ac,d138adce-c139-454e-b3a3-1ff9464bd0e8,38,LES VERBES de DÉPLACEMENT,327c43bc-8757-4e51-aff0-9c04775c57cf,23,LE VERBE « ALLER »,prerequisite,3,project_inference_from_book_structure_and_rule_content,owner_approved_project_inference,این رابطه برای ساخت نقشه دانشی از توالی و محتوای خود کتاب استنباط شده و ادعای صریح کتاب محسوب نمی‌شود.,Iman,2026-08-08T15:35:00-07:00
182fd966-57f6-46f4-8303-2b5b11fcd6ca,d138adce-c139-454e-b3a3-1ff9464bd0e8,38,LES VERBES de DÉPLACEMENT,7a66cb3a-470c-4ae3-ae32-325cf327c9f9,37,LES PRÉPOSITIONS et LES VERBES,prerequisite,2,project_inference_from_book_structure_and_rule_content,owner_approved_project_inference,این رابطه برای ساخت نقشه دانشی از توالی و محتوای خود کتاب استنباط شده و ادعای صریح کتاب محسوب نمی‌شود.,Iman,2026-08-08T15:35:00-07:00
923447cd-d74c-4f9a-a0e2-3399e9ff1b47,2cc8ffec-0888-40b2-bb6b-23bb8ebcd4f0,39,LE FUTUR PROCHE,327c43bc-8757-4e51-aff0-9c04775c57cf,23,LE VERBE « ALLER »,prerequisite,3,project_inference_from_book_structure_and_rule_content,owner_approved_project_inference,این رابطه برای ساخت نقشه دانشی از توالی و محتوای خود کتاب استنباط شده و ادعای صریح کتاب محسوب نمی‌شود.,Iman,2026-08-08T15:35:00-07:00
a2c0f587-ed62-46d1-93e9-c6b925d421ae,2cc8ffec-0888-40b2-bb6b-23bb8ebcd4f0,39,LE FUTUR PROCHE,6ad0bf53-cab8-4037-8548-6e73441d1620,26,"LES VERBES en « -IR », « -OIR » et « -RE » au PRÉSENT",prerequisite,3,project_inference_from_book_structure_and_rule_content,owner_approved_project_inference,این رابطه برای ساخت نقشه دانشی از توالی و محتوای خود کتاب استنباط شده و ادعای صریح کتاب محسوب نمی‌شود.,Iman,2026-08-08T15:35:00-07:00
bdd661ba-470b-435c-968b-0f608f3668e7,a2303764-b3c6-4a78-a5eb-287adffcd970,40,LE PASSÉ COMPOSÉ,eb643021-d5f2-4093-8fd2-835a2199ef3f,1,LE VERBE « ÊTRE »,prerequisite,2,project_inference_from_book_structure_and_rule_content,owner_approved_project_inference,این رابطه برای ساخت نقشه دانشی از توالی و محتوای خود کتاب استنباط شده و ادعای صریح کتاب محسوب نمی‌شود.,Iman,2026-08-08T15:35:00-07:00
b60addc5-c621-4596-a667-b2e45580ac68,a2303764-b3c6-4a78-a5eb-287adffcd970,40,LE PASSÉ COMPOSÉ,a02fe5a3-8336-4749-8b93-f43d0a82948a,11,LE VERBE « AVOIR »,prerequisite,2,project_inference_from_book_structure_and_rule_content,owner_approved_project_inference,این رابطه برای ساخت نقشه دانشی از توالی و محتوای خود کتاب استنباط شده و ادعای صریح کتاب محسوب نمی‌شود.,Iman,2026-08-08T15:35:00-07:00
61271024-7a9c-4a92-9a36-8ac0f29d67c0,a2303764-b3c6-4a78-a5eb-287adffcd970,40,LE PASSÉ COMPOSÉ,619fe3c8-586f-4038-8ea0-e5ad5085412d,16,LES VERBES en « -ER » au PRÉSENT,prerequisite,3,project_inference_from_book_structure_and_rule_content,owner_approved_project_inference,این رابطه برای ساخت نقشه دانشی از توالی و محتوای خود کتاب استنباط شده و ادعای صریح کتاب محسوب نمی‌شود.,Iman,2026-08-08T15:35:00-07:00
5580d246-f1d3-4b90-8141-d6e52d90e887,a2303764-b3c6-4a78-a5eb-287adffcd970,40,LE PASSÉ COMPOSÉ,6ad0bf53-cab8-4037-8548-6e73441d1620,26,"LES VERBES en « -IR », « -OIR » et « -RE » au PRÉSENT",prerequisite,4,project_inference_from_book_structure_and_rule_content,owner_approved_project_inference,این رابطه برای ساخت نقشه دانشی از توالی و محتوای خود کتاب استنباط شده و ادعای صریح کتاب محسوب نمی‌شود.,Iman,2026-08-08T15:35:00-07:00
710d8b2a-0c39-4743-9994-2c35a4b41212,a2303764-b3c6-4a78-a5eb-287adffcd970,40,LE PASSÉ COMPOSÉ,e5bfdde7-6889-4829-ad65-06a572af5f97,27,LES VERBES PRONOMINAUX,prerequisite,3,project_inference_from_book_structure_and_rule_content,owner_approved_project_inference,این رابطه برای ساخت نقشه دانشی از توالی و محتوای خود کتاب استنباط شده و ادعای صریح کتاب محسوب نمی‌شود.,Iman,2026-08-08T15:35:00-07:00
246b331f-3c07-44d4-9bfd-b077e94820f0,a2303764-b3c6-4a78-a5eb-287adffcd970,40,LE PASSÉ COMPOSÉ,2ad099b6-e9f4-4b96-8883-d88977fc94b4,28,LES PRONOMS COMPLÉMENTS,prerequisite,2,project_inference_from_book_structure_and_rule_content,owner_approved_project_inference,این رابطه برای ساخت نقشه دانشی از توالی و محتوای خود کتاب استنباط شده و ادعای صریح کتاب محسوب نمی‌شود.,Iman,2026-08-08T15:35:00-07:00
4c3c02e6-ac6f-4762-bcd0-f54b635cbbce,61d3b6b5-dd58-4ca4-b78d-521013ae2461,41,LE TEMPS (3),e3b8941a-3506-4903-b9f5-ede88a288def,17,LE TEMPS (2),prerequisite,3,project_inference_from_book_structure_and_rule_content,owner_approved_project_inference,این رابطه برای ساخت نقشه دانشی از توالی و محتوای خود کتاب استنباط شده و ادعای صریح کتاب محسوب نمی‌شود.,Iman,2026-08-08T15:35:00-07:00
3abd0fdc-d7d6-4737-bcda-5822eac0b155,61d3b6b5-dd58-4ca4-b78d-521013ae2461,41,LE TEMPS (3),aece8fe7-c303-4257-a531-a3d6e0f242de,25,LA SITUATION dans l’ESPACE et le TEMPS (3),prerequisite,2,project_inference_from_book_structure_and_rule_content,owner_approved_project_inference,این رابطه برای ساخت نقشه دانشی از توالی و محتوای خود کتاب استنباط شده و ادعای صریح کتاب محسوب نمی‌شود.,Iman,2026-08-08T15:35:00-07:00
6268fc79-034e-46b9-ac84-7aace2e86372,61d3b6b5-dd58-4ca4-b78d-521013ae2461,41,LE TEMPS (3),a2303764-b3c6-4a78-a5eb-287adffcd970,40,LE PASSÉ COMPOSÉ,prerequisite,3,project_inference_from_book_structure_and_rule_content,owner_approved_project_inference,این رابطه برای ساخت نقشه دانشی از توالی و محتوای خود کتاب استنباط شده و ادعای صریح کتاب محسوب نمی‌شود.,Iman,2026-08-08T15:35:00-07:00
c4762d95-5f73-4736-b36c-bbd53e251134,79d5da54-9d06-473a-a60c-1c4cb74c38e1,42,LE PASSIF,a2303764-b3c6-4a78-a5eb-287adffcd970,40,LE PASSÉ COMPOSÉ,prerequisite,3,project_inference_from_book_structure_and_rule_content,owner_approved_project_inference,این رابطه برای ساخت نقشه دانشی از توالی و محتوای خود کتاب استنباط شده و ادعای صریح کتاب محسوب نمی‌شود.,Iman,2026-08-08T15:35:00-07:00
04fae869-13bd-4d03-96eb-ee1dc3cf9ce7,1a7369fc-5f96-48eb-9433-a91853b0f074,43,L’IMPARFAIT,619fe3c8-586f-4038-8ea0-e5ad5085412d,16,LES VERBES en « -ER » au PRÉSENT,prerequisite,3,project_inference_from_book_structure_and_rule_content,owner_approved_project_inference,این رابطه برای ساخت نقشه دانشی از توالی و محتوای خود کتاب استنباط شده و ادعای صریح کتاب محسوب نمی‌شود.,Iman,2026-08-08T15:35:00-07:00
9fe41766-5ad6-4032-b906-631da6d0c0e7,1a7369fc-5f96-48eb-9433-a91853b0f074,43,L’IMPARFAIT,a2303764-b3c6-4a78-a5eb-287adffcd970,40,LE PASSÉ COMPOSÉ,prerequisite,3,project_inference_from_book_structure_and_rule_content,owner_approved_project_inference,این رابطه برای ساخت نقشه دانشی از توالی و محتوای خود کتاب استنباط شده و ادعای صریح کتاب محسوب نمی‌شود.,Iman,2026-08-08T15:35:00-07:00
575d1907-22be-4cec-b8bf-543553e53f33,7b460b08-fac3-4f7c-bec0-0e1863fbcca3,44,LE PLUS-QUE-PARFAIT,a2303764-b3c6-4a78-a5eb-287adffcd970,40,LE PASSÉ COMPOSÉ,prerequisite,3,project_inference_from_book_structure_and_rule_content,owner_approved_project_inference,این رابطه برای ساخت نقشه دانشی از توالی و محتوای خود کتاب استنباط شده و ادعای صریح کتاب محسوب نمی‌شود.,Iman,2026-08-08T15:35:00-07:00
b6051284-963f-4a9a-9e1f-8496390636c9,7b460b08-fac3-4f7c-bec0-0e1863fbcca3,44,LE PLUS-QUE-PARFAIT,1a7369fc-5f96-48eb-9433-a91853b0f074,43,L’IMPARFAIT,prerequisite,3,project_inference_from_book_structure_and_rule_content,owner_approved_project_inference,این رابطه برای ساخت نقشه دانشی از توالی و محتوای خود کتاب استنباط شده و ادعای صریح کتاب محسوب نمی‌شود.,Iman,2026-08-08T15:35:00-07:00
4e6b8495-b12f-4057-98e4-a1355c5b127b,ea5e63b4-af5e-438a-b50c-a3d9678296b6,45,LE DISCOURS INDIRECT au PASSÉ,83287154-f6ce-4595-a2b2-17537cb9908d,35,LE DISCOURS INDIRECT au PRÉSENT,prerequisite,4,project_inference_from_book_structure_and_rule_content,owner_approved_project_inference,این رابطه برای ساخت نقشه دانشی از توالی و محتوای خود کتاب استنباط شده و ادعای صریح کتاب محسوب نمی‌شود.,Iman,2026-08-08T15:35:00-07:00
b6095570-3413-42bc-8b23-e068aff5b23c,ea5e63b4-af5e-438a-b50c-a3d9678296b6,45,LE DISCOURS INDIRECT au PASSÉ,a2303764-b3c6-4a78-a5eb-287adffcd970,40,LE PASSÉ COMPOSÉ,prerequisite,3,project_inference_from_book_structure_and_rule_content,owner_approved_project_inference,این رابطه برای ساخت نقشه دانشی از توالی و محتوای خود کتاب استنباط شده و ادعای صریح کتاب محسوب نمی‌شود.,Iman,2026-08-08T15:35:00-07:00
a5d67768-67a4-4f87-83ca-1846524ab369,ea5e63b4-af5e-438a-b50c-a3d9678296b6,45,LE DISCOURS INDIRECT au PASSÉ,1a7369fc-5f96-48eb-9433-a91853b0f074,43,L’IMPARFAIT,prerequisite,5,project_inference_from_book_structure_and_rule_content,owner_approved_project_inference,این رابطه برای ساخت نقشه دانشی از توالی و محتوای خود کتاب استنباط شده و ادعای صریح کتاب محسوب نمی‌شود.,Iman,2026-08-08T15:35:00-07:00
c3474a49-1a36-42ea-805d-a801e465a75c,ea5e63b4-af5e-438a-b50c-a3d9678296b6,45,LE DISCOURS INDIRECT au PASSÉ,7b460b08-fac3-4f7c-bec0-0e1863fbcca3,44,LE PLUS-QUE-PARFAIT,prerequisite,4,project_inference_from_book_structure_and_rule_content,owner_approved_project_inference,این رابطه برای ساخت نقشه دانشی از توالی و محتوای خود کتاب استنباط شده و ادعای صریح کتاب محسوب نمی‌شود.,Iman,2026-08-08T15:35:00-07:00
fa6d5104-a96c-4817-ba65-d4352bdbe9ff,fa21c54c-eda9-434c-9b4c-af896a3dfde0,46,"« VENIR de », « ÊTRE en TRAIN de », « ÊTRE sur le POINT de »",d138adce-c139-454e-b3a3-1ff9464bd0e8,38,LES VERBES de DÉPLACEMENT,prerequisite,3,project_inference_from_book_structure_and_rule_content,owner_approved_project_inference,این رابطه برای ساخت نقشه دانشی از توالی و محتوای خود کتاب استنباط شده و ادعای صریح کتاب محسوب نمی‌شود.,Iman,2026-08-08T15:35:00-07:00
36738421-ca34-4963-8058-a2945526c0cb,9452d2bf-3b54-4cbe-9410-2a607d9d9903,47,LE FUTUR SIMPLE,619fe3c8-586f-4038-8ea0-e5ad5085412d,16,LES VERBES en « -ER » au PRÉSENT,prerequisite,3,project_inference_from_book_structure_and_rule_content,owner_approved_project_inference,این رابطه برای ساخت نقشه دانشی از توالی و محتوای خود کتاب استنباط شده و ادعای صریح کتاب محسوب نمی‌شود.,Iman,2026-08-08T15:35:00-07:00
4f24af0c-3116-438b-a9f9-33b3d26f1e90,9452d2bf-3b54-4cbe-9410-2a607d9d9903,47,LE FUTUR SIMPLE,6ad0bf53-cab8-4037-8548-6e73441d1620,26,"LES VERBES en « -IR », « -OIR » et « -RE » au PRÉSENT",prerequisite,3,project_inference_from_book_structure_and_rule_content,owner_approved_project_inference,این رابطه برای ساخت نقشه دانشی از توالی و محتوای خود کتاب استنباط شده و ادعای صریح کتاب محسوب نمی‌شود.,Iman,2026-08-08T15:35:00-07:00
f56444d0-e345-46a8-899d-ec87f229705f,c8b25314-e54b-4ec5-9a31-41e6af6cfab4,48,LE FUTUR ANTÉRIEUR,9452d2bf-3b54-4cbe-9410-2a607d9d9903,47,LE FUTUR SIMPLE,prerequisite,5,project_inference_from_book_structure_and_rule_content,owner_approved_project_inference,این رابطه برای ساخت نقشه دانشی از توالی و محتوای خود کتاب استنباط شده و ادعای صریح کتاب محسوب نمی‌شود.,Iman,2026-08-08T15:35:00-07:00
5c61d05f-e0c7-4abd-b6a4-cc0c17620bc8,c8b25314-e54b-4ec5-9a31-41e6af6cfab4,48,LE FUTUR ANTÉRIEUR,a2303764-b3c6-4a78-a5eb-287adffcd970,40,LE PASSÉ COMPOSÉ,prerequisite,3,project_inference_from_book_structure_and_rule_content,owner_approved_project_inference,این رابطه برای ساخت نقشه دانشی از توالی و محتوای خود کتاب استنباط شده و ادعای صریح کتاب محسوب نمی‌شود.,Iman,2026-08-08T15:35:00-07:00
3ac30e4e-b12c-4667-9df9-82f97f940a1b,8492c636-b6f3-4368-97df-c4e0387ff946,49,LE CONDITIONNEL (2),9452d2bf-3b54-4cbe-9410-2a607d9d9903,47,LE FUTUR SIMPLE,prerequisite,3,project_inference_from_book_structure_and_rule_content,owner_approved_project_inference,این رابطه برای ساخت نقشه دانشی از توالی و محتوای خود کتاب استنباط شده و ادعای صریح کتاب محسوب نمی‌شود.,Iman,2026-08-08T15:35:00-07:00
dc2223ab-6dc7-4aa1-8829-52d647fe5854,8492c636-b6f3-4368-97df-c4e0387ff946,49,LE CONDITIONNEL (2),1a7369fc-5f96-48eb-9433-a91853b0f074,43,L’IMPARFAIT,prerequisite,4,project_inference_from_book_structure_and_rule_content,owner_approved_project_inference,این رابطه برای ساخت نقشه دانشی از توالی و محتوای خود کتاب استنباط شده و ادعای صریح کتاب محسوب نمی‌شود.,Iman,2026-08-08T15:35:00-07:00
df03876e-cafd-4161-b748-153f1cb7017d,8492c636-b6f3-4368-97df-c4e0387ff946,49,LE CONDITIONNEL (2),a2303764-b3c6-4a78-a5eb-287adffcd970,40,LE PASSÉ COMPOSÉ,prerequisite,3,project_inference_from_book_structure_and_rule_content,owner_approved_project_inference,این رابطه برای ساخت نقشه دانشی از توالی و محتوای خود کتاب استنباط شده و ادعای صریح کتاب محسوب نمی‌شود.,Iman,2026-08-08T15:35:00-07:00
5bb7d496-f8b5-4fcd-9da5-e7c4b59cf0a3,7292614b-ad5b-496f-836e-1ca257cb80cc,50,LES HYPOTHÈSES,9452d2bf-3b54-4cbe-9410-2a607d9d9903,47,LE FUTUR SIMPLE,prerequisite,4,project_inference_from_book_structure_and_rule_content,owner_approved_project_inference,این رابطه برای ساخت نقشه دانشی از توالی و محتوای خود کتاب استنباط شده و ادعای صریح کتاب محسوب نمی‌شود.,Iman,2026-08-08T15:35:00-07:00
243319bf-e5f7-4ed0-b763-f9d790031581,7292614b-ad5b-496f-836e-1ca257cb80cc,50,LES HYPOTHÈSES,1a7369fc-5f96-48eb-9433-a91853b0f074,43,L’IMPARFAIT,prerequisite,5,project_inference_from_book_structure_and_rule_content,owner_approved_project_inference,این رابطه برای ساخت نقشه دانشی از توالی و محتوای خود کتاب استنباط شده و ادعای صریح کتاب محسوب نمی‌شود.,Iman,2026-08-08T15:35:00-07:00
6c44d6c4-3381-475f-bc18-87ea38f75ac7,7292614b-ad5b-496f-836e-1ca257cb80cc,50,LES HYPOTHÈSES,7b460b08-fac3-4f7c-bec0-0e1863fbcca3,44,LE PLUS-QUE-PARFAIT,prerequisite,4,project_inference_from_book_structure_and_rule_content,owner_approved_project_inference,این رابطه برای ساخت نقشه دانشی از توالی و محتوای خود کتاب استنباط شده و ادعای صریح کتاب محسوب نمی‌شود.,Iman,2026-08-08T15:35:00-07:00
37b15eed-3558-4a01-b281-97ddb408c925,7292614b-ad5b-496f-836e-1ca257cb80cc,50,LES HYPOTHÈSES,8492c636-b6f3-4368-97df-c4e0387ff946,49,LE CONDITIONNEL (2),prerequisite,5,project_inference_from_book_structure_and_rule_content,owner_approved_project_inference,این رابطه برای ساخت نقشه دانشی از توالی و محتوای خود کتاب استنباط شده و ادعای صریح کتاب محسوب نمی‌شود.,Iman,2026-08-08T15:35:00-07:00
7498e291-7bd3-4db1-9ec0-9b70131b08cd,5a20dade-1724-4c8a-887c-14dee287c1a2,51,LE SUBJONCTIF,619fe3c8-586f-4038-8ea0-e5ad5085412d,16,LES VERBES en « -ER » au PRÉSENT,prerequisite,2,project_inference_from_book_structure_and_rule_content,owner_approved_project_inference,این رابطه برای ساخت نقشه دانشی از توالی و محتوای خود کتاب استنباط شده و ادعای صریح کتاب محسوب نمی‌شود.,Iman,2026-08-08T15:35:00-07:00
c84c4250-cd72-4271-9b31-d4d3a60bd7a4,5a20dade-1724-4c8a-887c-14dee287c1a2,51,LE SUBJONCTIF,6ad0bf53-cab8-4037-8548-6e73441d1620,26,"LES VERBES en « -IR », « -OIR » et « -RE » au PRÉSENT",prerequisite,4,project_inference_from_book_structure_and_rule_content,owner_approved_project_inference,این رابطه برای ساخت نقشه دانشی از توالی و محتوای خود کتاب استنباط شده و ادعای صریح کتاب محسوب نمی‌شود.,Iman,2026-08-08T15:35:00-07:00
0955b4fd-4e30-4074-8424-d7efb26082a5,5a20dade-1724-4c8a-887c-14dee287c1a2,51,LE SUBJONCTIF,83d883bf-5242-4dc2-bed6-dad1585746db,31,LE CONDITIONNEL (1),prerequisite,2,project_inference_from_book_structure_and_rule_content,owner_approved_project_inference,این رابطه برای ساخت نقشه دانشی از توالی و محتوای خود کتاب استنباط شده و ادعای صریح کتاب محسوب نمی‌شود.,Iman,2026-08-08T15:35:00-07:00
46bac23f-54e8-4483-ae64-87aceaa7de9d,5a20dade-1724-4c8a-887c-14dee287c1a2,51,LE SUBJONCTIF,1854197b-634e-4db7-893c-7e9b6bcbf004,33,L’INTERROGATION (2),prerequisite,2,project_inference_from_book_structure_and_rule_content,owner_approved_project_inference,این رابطه برای ساخت نقشه دانشی از توالی و محتوای خود کتاب استنباط شده و ادعای صریح کتاب محسوب نمی‌شود.,Iman,2026-08-08T15:35:00-07:00
cce50947-0940-48a5-8f0d-62b119f46d12,f0a5d28c-4b03-42c8-bd92-0708737ab3f1,52,LES RELATIONS LOGIQUES,5a20dade-1724-4c8a-887c-14dee287c1a2,51,LE SUBJONCTIF,prerequisite,2,project_inference_from_book_structure_and_rule_content,owner_approved_project_inference,این رابطه برای ساخت نقشه دانشی از توالی و محتوای خود کتاب استنباط شده و ادعای صریح کتاب محسوب نمی‌شود.,Iman,2026-08-08T15:35:00-07:00
