lesson_id,lesson_no,title_fr_official,system_short_title,grammar_family_draft,grammar_family_status,book_pages,pdf_pages,source_ref,extraction_status,subtopic_count,stable_id_policy,content_version,source_basis
eb643021-d5f2-4093-8fd2-835a2199ef3f,1,LE VERBE « ÊTRE »,etre,verb_core,draft_stage1__final_taxonomy_stage2,8;9;10;11,10;11;12;13,Lesson 1; printed pp. 8-11; PDF pp. 10-13,extracted_owner_approved,4,opaque_uuid_immutable,stage1-v1.0,uploaded_book_only
734f4892-3926-439e-b274-85e9d824e225,2,L’ADJECTIF (1),adjectif_1,adjective,draft_stage1__final_taxonomy_stage2,12;13;14;15;16;17,14;15;16;17;18;19,Lesson 2; printed pp. 12-17; PDF pp. 14-19,extracted_owner_approved,4,opaque_uuid_immutable,stage1-v1.0,uploaded_book_only
3dd22b4a-1072-4ca6-91c1-662829b94758,3,LA NÉGATION et L’INTERROGATION (1),negation_interrogation_1,sentence_structure,draft_stage1__final_taxonomy_stage2,18;19;20;21,20;21;22;23,Lesson 3; printed pp. 18-21; PDF pp. 20-23,extracted_owner_approved,3,opaque_uuid_immutable,stage1-v1.0,uploaded_book_only
26acbe21-6e4d-4c22-a0e6-27e27f3bb5ab,4,LE NOM et L’ARTICLE,nom_article,noun_determiner,draft_stage1__final_taxonomy_stage2,22;23;24;25;26;27;28;29;30;31,24;25;26;27;28;29;30;31;32;33,Lesson 4; printed pp. 22-31; PDF pp. 24-33,extracted_owner_approved,6,opaque_uuid_immutable,stage1-v1.0,uploaded_book_only
99f46643-99ba-428d-bdaf-193d018572cc,5,« C’EST » et « IL EST »,cest_il_est,presentation_identification,draft_stage1__final_taxonomy_stage2,32;33;34;35,34;35;36;37,Lesson 5; printed pp. 32-35; PDF pp. 34-37,extracted_owner_approved,4,opaque_uuid_immutable,stage1-v1.0,uploaded_book_only
f07ba2d4-e9cf-441c-ad53-85194d85e1ff,6,LES POSSESSIFS,possessifs,determiner_pronoun,draft_stage1__final_taxonomy_stage2,36;37,38;39,Lesson 6; printed pp. 36-37; PDF pp. 38-39,extracted_owner_approved,4,opaque_uuid_immutable,stage1-v1.0,uploaded_book_only
4bf7f7a6-29e0-471a-8b5c-3740f60b5c8e,7,LES NOMS de PARENTÉ et de GROUPE,noms_parente_groupe,lexico_grammar,draft_stage1__final_taxonomy_stage2,38;39,40;41,Lesson 7; printed pp. 38-39; PDF pp. 40-41,extracted_owner_approved,4,opaque_uuid_immutable,stage1-v1.0,uploaded_book_only
d68e9726-6d53-4ffb-935c-fd8f24aae9ec,8,LES DÉMONSTRATIFS,demonstratifs,determiner_pronoun,draft_stage1__final_taxonomy_stage2,40;41,42;43,Lesson 8; printed pp. 40-41; PDF pp. 42-43,extracted_owner_approved,4,opaque_uuid_immutable,stage1-v1.0,uploaded_book_only
3a93c97f-cdce-4896-98be-892e3354b7fc,9,« IL Y A » et « C’EST »,il_y_a_cest,existence_identification,draft_stage1__final_taxonomy_stage2,42;43,44;45,Lesson 9; printed pp. 42-43; PDF pp. 44-45,extracted_owner_approved,2,opaque_uuid_immutable,stage1-v1.0,uploaded_book_only
988143e8-7e0e-46e1-94a0-f87f7a1267f5,10,LA SITUATION dans l’ESPACE (1),situation_espace_1,preposition_space,draft_stage1__final_taxonomy_stage2,44;45;46;47,46;47;48;49,Lesson 10; printed pp. 44-47; PDF pp. 46-49,extracted_owner_approved,5,opaque_uuid_immutable,stage1-v1.0,uploaded_book_only
a02fe5a3-8336-4749-8b93-f43d0a82948a,11,LE VERBE « AVOIR »,avoir,verb_core,draft_stage1__final_taxonomy_stage2,48;49;50;51;52;53,50;51;52;53;54;55,Lesson 11; printed pp. 48-53; PDF pp. 50-55,extracted_owner_approved,6,opaque_uuid_immutable,stage1-v1.0,uploaded_book_only
ec78c6b7-50f2-4fcf-8ecd-63c1a84e5e41,12,L’ADJECTIF (2),adjectif_2,adjective,draft_stage1__final_taxonomy_stage2,54;55;56;57,56;57;58;59,Lesson 12; printed pp. 54-57; PDF pp. 56-59,extracted_owner_approved,7,opaque_uuid_immutable,stage1-v1.0,uploaded_book_only
99f4cbed-373c-4bf4-affd-8eda53373a56,13,LES NOMBRES,nombres,numbers,draft_stage1__final_taxonomy_stage2,58;59;60;61;62;63,60;61;62;63;64;65,Lesson 13; printed pp. 58-63; PDF pp. 60-65,extracted_owner_approved,6,opaque_uuid_immutable,stage1-v1.0,uploaded_book_only
8b0727a3-b94e-4d9d-bb86-9a0045b8685a,14,LE TEMPS (1),temps_1,time_expression,draft_stage1__final_taxonomy_stage2,64;65;66;67,66;67;68;69,Lesson 14; printed pp. 64-67; PDF pp. 66-69,extracted_owner_approved,6,opaque_uuid_immutable,stage1-v1.0,uploaded_book_only
b182d62b-44dc-4893-b88c-75ef935c0111,15,LES INDÉFINIS,indefinis,determiner_pronoun,draft_stage1__final_taxonomy_stage2,68;69;70;71,70;71;72;73,Lesson 15; printed pp. 68-71; PDF pp. 70-73,extracted_owner_approved,5,opaque_uuid_immutable,stage1-v1.0,uploaded_book_only
619fe3c8-586f-4038-8ea0-e5ad5085412d,16,LES VERBES en « -ER » au PRÉSENT,verbes_er_present,verb_present,draft_stage1__final_taxonomy_stage2,74;75;76;77;78;79,76;77;78;79;80;81,Lesson 16; printed pp. 74-79; PDF pp. 76-81,extracted_owner_approved,4,opaque_uuid_immutable,stage1-v1.0,uploaded_book_only
e3b8941a-3506-4903-b9f5-ede88a288def,17,LE TEMPS (2),temps_2,time_expression,draft_stage1__final_taxonomy_stage2,80;81,82;83,Lesson 17; printed pp. 80-81; PDF pp. 82-83,extracted_owner_approved,4,opaque_uuid_immutable,stage1-v1.0,uploaded_book_only
ec290ee6-f705-4b74-98db-7e4079c54d60,18,L’ADVERBE,adverbe,adverb,draft_stage1__final_taxonomy_stage2,82;83;84;85,84;85;86;87,Lesson 18; printed pp. 82-85; PDF pp. 84-87,extracted_owner_approved,6,opaque_uuid_immutable,stage1-v1.0,uploaded_book_only
cb9bdbbf-0955-46a6-b979-69203ff4d988,19,L’EXPRESSION de la QUANTITÉ,expression_quantite,quantity_determiner,draft_stage1__final_taxonomy_stage2,86;87;88;89,88;89;90;91,Lesson 19; printed pp. 86-89; PDF pp. 88-91,extracted_owner_approved,6,opaque_uuid_immutable,stage1-v1.0,uploaded_book_only
dd8aa1ed-067c-4e17-a9db-10d3b630688a,20,LE PRONOM « EN »,pronom_en,pronoun,draft_stage1__final_taxonomy_stage2,90;91;92;93,92;93;94;95,Lesson 20; printed pp. 90-93; PDF pp. 92-95,extracted_owner_approved,5,opaque_uuid_immutable,stage1-v1.0,uploaded_book_only
a7d4b7ab-babf-44fd-8d1b-09d273f60704,21,LA SITUATION dans l’ESPACE (2),situation_espace_2,preposition_space,draft_stage1__final_taxonomy_stage2,94;95,96;97,Lesson 21; printed pp. 94-95; PDF pp. 96-97,extracted_owner_approved,2,opaque_uuid_immutable,stage1-v1.0,uploaded_book_only
526ffab9-fc9b-4221-997e-e57dfbf9694a,22,LE COMPARATIF et LE SUPERLATIF,comparatif_superlatif,comparison,draft_stage1__final_taxonomy_stage2,96;97;98;99;100;101,98;99;100;101;102;103,Lesson 22; printed pp. 96-101; PDF pp. 98-103,extracted_owner_approved,5,opaque_uuid_immutable,stage1-v1.0,uploaded_book_only
327c43bc-8757-4e51-aff0-9c04775c57cf,23,LE VERBE « ALLER »,aller,verb_core,draft_stage1__final_taxonomy_stage2,102;103,104;105,Lesson 23; printed pp. 102-103; PDF pp. 104-105,extracted_owner_approved,3,opaque_uuid_immutable,stage1-v1.0,uploaded_book_only
e3b468de-4bc2-4b96-b4dc-0bfa0c3d5a85,24,LE PRONOM « Y »,pronom_y,pronoun,draft_stage1__final_taxonomy_stage2,104;105,106;107,Lesson 24; printed pp. 104-105; PDF pp. 106-107,extracted_owner_approved,4,opaque_uuid_immutable,stage1-v1.0,uploaded_book_only
aece8fe7-c303-4257-a531-a3d6e0f242de,25,LA SITUATION dans l’ESPACE et le TEMPS (3),situation_espace_temps_3,preposition_space_time,draft_stage1__final_taxonomy_stage2,106;107,108;109,Lesson 25; printed pp. 106-107; PDF pp. 108-109,extracted_owner_approved,6,opaque_uuid_immutable,stage1-v1.0,uploaded_book_only
6ad0bf53-cab8-4037-8548-6e73441d1620,26,"LES VERBES en « -IR », « -OIR » et « -RE » au PRÉSENT",verbes_ir_oir_re_present,verb_present,draft_stage1__final_taxonomy_stage2,108;109;110;111;112;113;114;115;116;117;118;119;120;121,110;111;112;113;114;115;116;117;118;119;120;121;122;123,Lesson 26; printed pp. 108-121; PDF pp. 110-123,extracted_owner_approved,14,opaque_uuid_immutable,stage1-v1.0,uploaded_book_only
e5bfdde7-6889-4829-ad65-06a572af5f97,27,LES VERBES PRONOMINAUX,verbes_pronominaux,verb_pronominal,draft_stage1__final_taxonomy_stage2,122;123,124;125,Lesson 27; printed pp. 122-123; PDF pp. 124-125,extracted_owner_approved,4,opaque_uuid_immutable,stage1-v1.0,uploaded_book_only
2ad099b6-e9f4-4b96-8883-d88977fc94b4,28,LES PRONOMS COMPLÉMENTS,pronoms_complements,pronoun,draft_stage1__final_taxonomy_stage2,124;125;126;127;128;129;130;131,126;127;128;129;130;131;132;133,Lesson 28; printed pp. 124-131; PDF pp. 126-133,extracted_owner_approved,6,opaque_uuid_immutable,stage1-v1.0,uploaded_book_only
0259af3a-8df3-4f28-ad02-62a99368c409,29,LES PRONOMS TONIQUES,pronoms_toniques,pronoun,draft_stage1__final_taxonomy_stage2,132;133,134;135,Lesson 29; printed pp. 132-133; PDF pp. 134-135,extracted_owner_approved,4,opaque_uuid_immutable,stage1-v1.0,uploaded_book_only
b24408b6-c9b4-4fbc-9b92-ad4d2ae13876,30,L’IMPÉRATIF,imperatif,mood_imperative,draft_stage1__final_taxonomy_stage2,134;135,136;137,Lesson 30; printed pp. 134-135; PDF pp. 136-137,extracted_owner_approved,5,opaque_uuid_immutable,stage1-v1.0,uploaded_book_only
83d883bf-5242-4dc2-bed6-dad1585746db,31,LE CONDITIONNEL (1),conditionnel_1,mood_conditional,draft_stage1__final_taxonomy_stage2,136;137,138;139,Lesson 31; printed pp. 136-137; PDF pp. 138-139,extracted_owner_approved,4,opaque_uuid_immutable,stage1-v1.0,uploaded_book_only
4ec05ffb-8465-4c5c-9a50-d67136ad0472,32,LES RELATIFS,relatifs,relative_pronoun,draft_stage1__final_taxonomy_stage2,140;141;142;143;144;145;146;147,142;143;144;145;146;147;148;149,Lesson 32; printed pp. 140-147; PDF pp. 142-149,extracted_owner_approved,8,opaque_uuid_immutable,stage1-v1.0,uploaded_book_only
1854197b-634e-4db7-893c-7e9b6bcbf004,33,L’INTERROGATION (2),interrogation_2,sentence_structure,draft_stage1__final_taxonomy_stage2,148;149;150;151,150;151;152;153,Lesson 33; printed pp. 148-151; PDF pp. 150-153,extracted_owner_approved,6,opaque_uuid_immutable,stage1-v1.0,uploaded_book_only
7a8563ae-ac42-49d2-bddd-42140c4e5245,34,LA NÉGATION (2),negation_2,sentence_structure,draft_stage1__final_taxonomy_stage2,152;153;154;155,154;155;156;157,Lesson 34; printed pp. 152-155; PDF pp. 154-157,extracted_owner_approved,8,opaque_uuid_immutable,stage1-v1.0,uploaded_book_only
83287154-f6ce-4595-a2b2-17537cb9908d,35,LE DISCOURS INDIRECT au PRÉSENT,discours_indirect_present,reported_speech,draft_stage1__final_taxonomy_stage2,156;157,158;159,Lesson 35; printed pp. 156-157; PDF pp. 158-159,extracted_owner_approved,5,opaque_uuid_immutable,stage1-v1.0,uploaded_book_only
03b37cc5-75e7-4209-9322-1f6401df4973,36,LE GÉRONDIF,gerondif,nonfinite_verb,draft_stage1__final_taxonomy_stage2,158;159,160;161,Lesson 36; printed pp. 158-159; PDF pp. 160-161,extracted_owner_approved,5,opaque_uuid_immutable,stage1-v1.0,uploaded_book_only
7a66cb3a-470c-4ae3-ae32-325cf327c9f9,37,LES PRÉPOSITIONS et LES VERBES,prepositions_verbes,verb_complementation,draft_stage1__final_taxonomy_stage2,160;161;162;163,162;163;164;165,Lesson 37; printed pp. 160-163; PDF pp. 162-165,extracted_owner_approved,5,opaque_uuid_immutable,stage1-v1.0,uploaded_book_only
d138adce-c139-454e-b3a3-1ff9464bd0e8,38,LES VERBES de DÉPLACEMENT,verbes_deplacement,verb_semantics,draft_stage1__final_taxonomy_stage2,164;165,166;167,Lesson 38; printed pp. 164-165; PDF pp. 166-167,extracted_owner_approved,6,opaque_uuid_immutable,stage1-v1.0,uploaded_book_only
2cc8ffec-0888-40b2-bb6b-23bb8ebcd4f0,39,LE FUTUR PROCHE,futur_proche,tense_future,draft_stage1__final_taxonomy_stage2,166;167;168;169;170;171;172;173,168;169;170;171;172;173;174;175,Lesson 39; printed pp. 166-173; PDF pp. 168-175,extracted_owner_approved,8,opaque_uuid_immutable,stage1-v1.0,uploaded_book_only
a2303764-b3c6-4a78-a5eb-287adffcd970,40,LE PASSÉ COMPOSÉ,passe_compose,tense_past,draft_stage1__final_taxonomy_stage2,174;175;176;177;178;179;180;181;182;183;184;185;186;187;188;189;190;191;192;193;194;195;196;197,176;177;178;179;180;181;182;183;184;185;186;187;188;189;190;191;192;193;194;195;196;197;198;199,Lesson 40; printed pp. 174-197; PDF pp. 176-199,extracted_owner_approved,12,opaque_uuid_immutable,stage1-v1.0,uploaded_book_only
61d3b6b5-dd58-4ca4-b78d-521013ae2461,41,LE TEMPS (3),temps_3,time_expression,draft_stage1__final_taxonomy_stage2,198;199;200;201;202;203,200;201;202;203;204;205,Lesson 41; printed pp. 198-203; PDF pp. 200-205,extracted_owner_approved,7,opaque_uuid_immutable,stage1-v1.0,uploaded_book_only
79d5da54-9d06-473a-a60c-1c4cb74c38e1,42,LE PASSIF,passif,voice,draft_stage1__final_taxonomy_stage2,204;205,206;207,Lesson 42; printed pp. 204-205; PDF pp. 206-207,extracted_owner_approved,5,opaque_uuid_immutable,stage1-v1.0,uploaded_book_only
1a7369fc-5f96-48eb-9433-a91853b0f074,43,L’IMPARFAIT,imparfait,tense_past,draft_stage1__final_taxonomy_stage2,206;207;208;209;210;211;212;213,208;209;210;211;212;213;214;215,Lesson 43; printed pp. 206-213; PDF pp. 208-215,extracted_owner_approved,7,opaque_uuid_immutable,stage1-v1.0,uploaded_book_only
7b460b08-fac3-4f7c-bec0-0e1863fbcca3,44,LE PLUS-QUE-PARFAIT,plus_que_parfait,tense_past,draft_stage1__final_taxonomy_stage2,214;215,216;217,Lesson 44; printed pp. 214-215; PDF pp. 216-217,extracted_owner_approved,3,opaque_uuid_immutable,stage1-v1.0,uploaded_book_only
ea5e63b4-af5e-438a-b50c-a3d9678296b6,45,LE DISCOURS INDIRECT au PASSÉ,discours_indirect_passe,reported_speech,draft_stage1__final_taxonomy_stage2,216;217;218;219,218;219;220;221,Lesson 45; printed pp. 216-219; PDF pp. 218-221,extracted_owner_approved,4,opaque_uuid_immutable,stage1-v1.0,uploaded_book_only
fa21c54c-eda9-434c-9b4c-af896a3dfde0,46,"« VENIR de », « ÊTRE en TRAIN de », « ÊTRE sur le POINT de »",aspect_periphrases,aspect,draft_stage1__final_taxonomy_stage2,222;223,224;225,Lesson 46; printed pp. 222-223; PDF pp. 224-225,extracted_owner_approved,3,opaque_uuid_immutable,stage1-v1.0,uploaded_book_only
9452d2bf-3b54-4cbe-9410-2a607d9d9903,47,LE FUTUR SIMPLE,futur_simple,tense_future,draft_stage1__final_taxonomy_stage2,224;225;226;227,226;227;228;229,Lesson 47; printed pp. 224-227; PDF pp. 226-229,extracted_owner_approved,7,opaque_uuid_immutable,stage1-v1.0,uploaded_book_only
c8b25314-e54b-4ec5-9a31-41e6af6cfab4,48,LE FUTUR ANTÉRIEUR,futur_anterieur,tense_future,draft_stage1__final_taxonomy_stage2,228;229,230;231,Lesson 48; printed pp. 228-229; PDF pp. 230-231,extracted_owner_approved,3,opaque_uuid_immutable,stage1-v1.0,uploaded_book_only
8492c636-b6f3-4368-97df-c4e0387ff946,49,LE CONDITIONNEL (2),conditionnel_2,mood_conditional,draft_stage1__final_taxonomy_stage2,230;231,232;233,Lesson 49; printed pp. 230-231; PDF pp. 232-233,extracted_owner_approved,6,opaque_uuid_immutable,stage1-v1.0,uploaded_book_only
7292614b-ad5b-496f-836e-1ca257cb80cc,50,LES HYPOTHÈSES,hypotheses,condition_hypothesis,draft_stage1__final_taxonomy_stage2,232;233;234;235;236;237,234;235;236;237;238;239,Lesson 50; printed pp. 232-237; PDF pp. 234-239,extracted_owner_approved,8,opaque_uuid_immutable,stage1-v1.0,uploaded_book_only
5a20dade-1724-4c8a-887c-14dee287c1a2,51,LE SUBJONCTIF,subjonctif,mood_subjunctive,draft_stage1__final_taxonomy_stage2,238;239;240;241;242;243;244;245;246;247;248;249,240;241;242;243;244;245;246;247;248;249;250;251,Lesson 51; printed pp. 238-249; PDF pp. 240-251,extracted_owner_approved,20,opaque_uuid_immutable,stage1-v1.0,uploaded_book_only
f0a5d28c-4b03-42c8-bd92-0708737ab3f1,52,LES RELATIONS LOGIQUES,relations_logiques,connectors_logic,draft_stage1__final_taxonomy_stage2,250;251;252;253;254;255,252;253;254;255;256;257,Lesson 52; printed pp. 250-255; PDF pp. 252-257,extracted_owner_approved,16,opaque_uuid_immutable,stage1-v1.0,uploaded_book_only
